x1,x2,x3,y
-0.6940574936716566,-0.1967675789708736,1.0,2.165663502874694
-0.9380089172975803,0.6733450941976733,-0.8038095441779722,5.008020054477818
-0.5383130578963076,0.05968188371856109,-0.12789646217254336,-0.2084835310532815
-1.0,-0.24054548474009052,-0.25733569197224804,-4.01900148895007
1.0,1.0,-0.6037622503574471,23.054810766215684
0.5681003610974031,1.0,0.22695919255353392,6.696836787563366
0.09490606597828499,-0.1572346070907371,-0.35455436879541335,1.1521826681797176
0.26344247817718336,0.2947469623715617,0.6409491183250677,0.4712488422251096
-1.0,1.0,-1.0,21.18009203046498
0.4614786461885143,-1.0,-0.4809462954872117,-2.1125598086500763
-0.9532914442330602,-0.12141119573733561,0.30666676377385893,-3.2352222738303613
-0.8438320046815777,0.5251053876281375,-0.5319512804012141,-0.8321976627041372
-0.29470944952032574,-0.7572571193329347,-1.0,-8.031547055888081
-0.08800645614037084,-0.5451248379328741,-1.0,-6.049325862556518
0.13609579516765935,0.25688069763017385,-0.5242123290780756,1.1817091852162016
0.015911323532734167,0.08914415630005834,0.21425414279630228,0.961979809442103
0.6415231212487944,-0.15747920806989346,-0.44410404658046465,0.39007018048087416
0.8971266522802734,-0.5638284808920453,-0.9248971096126222,-0.4542924175265487
0.10572320062520868,0.28840228728001205,-0.3505351438676063,0.5657276147496405
-0.7687008294348485,0.3249437832247115,0.1581313411735641,-3.0769847126045735
1.0,0.48568534988900125,1.0,21.930563122392716
1.0,0.9110285709107557,0.3806213294374168,12.733966160865812
0.7681610023782086,-0.12840059832776873,0.37052675935812096,3.0919870479882245
-0.9602164028658069,0.6042634338679977,0.5789892181231693,-4.1735247388330325
-1.0,1.0,0.8293307384110027,4.643693174366747
-0.6775710914097774,-0.06672431086202701,-0.14392086436752383,-1.3733651423054118
0.9946028963507716,-0.9528145083620325,-0.9526939849200609,-18.218959836394088
-1.0,-0.5837816541750371,1.0,9.890782798597275
1.0,0.47849204498059583,0.7306205191403703,12.73773969758839
0.10153451764926547,0.7303423977598378,0.6511957796847871,2.3351134664738304
0.3409155426474342,0.32572132751004257,-1.0,-2.5348633902387463
0.7438148858680671,-1.0,-1.0,-26.07684163636783
-1.0,-0.026757895730373127,0.47352161673460014,-3.839087492517909
0.25192551011518916,-0.33408274896141266,-0.7034300521225052,0.08539446072968093
0.5878552029870425,0.7545416800823626,0.19040815224414986,1.6127174690281691
0.1037769180764514,-0.07907388446976005,-1.0,-3.348404847435933
0.5412788607137027,-0.5487301750672338,0.28166571674536867,1.807540497161913
0.9860711700689613,-0.5679235128808648,-1.0,0.7559982547532962
1.0,-0.3273087956968721,0.5743014269262092,6.427254936690369
-1.0,1.0,-0.7280297824676352,13.642274970000988
0.6465158509239712,-0.638580107536028,0.5251076403848023,1.0482712122571587
1.0,0.24721260052716887,-1.0,10.008109122272252
0.4534469117602433,-1.0,0.17642387411125005,0.8276597317583245
0.18085862039890577,1.0,0.09671798862111669,7.083239406717878
-1.0,1.0,0.7390904063401773,1.9248821659409496
-1.0,-0.6251512409316358,-0.23697652783322765,0.5349067977591413
0.11076254643463268,-0.06759431209626898,1.0,0.22498209460555674
-0.9119555059246505,1.0,0.5317650441582256,1.1222242125870119
-0.5649151005463566,-0.20645302453354875,0.806292751077468,0.7885578495042741
-0.7344554965254957,0.16587749503833393,-1.0,3.3292330446693956
0.1944878558976011,-1.0,-0.70774628728416,-4.976926307052694
0.729680130020457,1.0,-0.1851232555443203,9.782029095878098
-0.2063015312224965,0.6698361018634571,-0.663002694411587,-0.07636684320083853
0.8275289535981589,-1.0,0.691067521813981,-3.3008587335720474
-0.8257597778423296,0.9047785618353077,0.11572374063546342,0.24455578649118168
-0.9011422105293321,-1.0,0.27566856578213317,8.431467180445427
-0.0743928175261126,0.8421966845650217,0.8896395399386923,6.601417909440604
0.4430181101471662,-1.0,0.7347738380758377,-1.8445326084458216
1.0,-0.28396746308022536,0.10899124566544982,4.551044935707294
-0.23275926773872646,-0.5260390663307559,0.3105514495082735,1.3692627021826183
-1.0,0.1957064347867088,1.0,2.811827485865273
0.9794063336618115,-0.12772008732253837,-0.29551502661251106,3.8950266623272864
0.8067784505696869,-0.20146407379312015,-1.0,-0.9992035928971589
0.6950431088421967,0.09045619557502915,0.22919113964953475,1.9596899662137008
0.4705669788928195,-0.7513588283167194,-0.5721776097267794,0.9708808306067802
0.1866375882521374,0.6870511517856552,-0.3530878154146402,1.0322574216408986
-0.3290446398498521,-0.2713615303265282,-1.0,-2.2043864872270236
0.7581044508228607,0.8967139746589794,-0.06061633400376709,4.746158342848495
0.41820638926033626,-0.07928813506715948,-1.0,-2.884678653412771
0.10376790645667211,0.2793122144717748,-0.03292889585674197,0.8909212777124178
0.8390087475153019,-0.4739732472623952,1.0,0.7588311313066913
-0.39714578276268275,1.0,-0.9897053755389493,1.3404863703289325
0.49385054383874616,0.5685607244603601,-0.9768457967840787,-2.194080502967015
-0.14945689829775133,0.4645597236157002,-0.6107192578112057,-0.7197877735929823
0.7510611633919921,1.0,0.7253709627994671,9.99663851904869
-0.08657069011157326,-0.19305999929288875,-0.8470396968052543,-0.3391333967059179
-1.0,0.7141002127967759,0.9305365077690748,3.6294891973075236
0.9762638952073652,-0.6772820220214344,-1.0,-3.250739990146559
-0.826303951146597,-0.5762594527295151,0.26128615890686757,1.1110635219706524
0.28789009598547777,-0.8811056331282863,-0.7759758129371728,-3.471652526029521
-0.8513659341218662,-1.0,-0.040654470545494314,5.834369071283194
-0.8141021911350226,0.9016306082261609,0.814174774231808,3.2107435345456437
1.0,-0.08118526529709391,-0.12037139997240032,3.96527091052174
1.0,-1.0,-1.0,-29.993174768835317
-0.09042527477182416,0.012902291925479092,-1.0,-3.003010037102615
1.0,-0.0927063852237997,0.007509012749397748,4.613253114482283
-0.4939584217253177,-0.9283586119551102,-0.45469460462518607,1.9347515120509835
0.6793033244886773,-0.2342848860997777,-1.0,-3.4821908164211495
0.7769003981868536,-1.0,-0.27415401228744996,-4.506807296876214
1.0,0.6411511128590686,-0.24255083719921977,6.199809735729205
-0.36220749241234373,-1.0,-0.8926306271273907,-8.919091598516916
-0.5742027253767465,-1.0,-0.08443919462390781,4.912183002276063
1.0,-1.0,-0.5140218039546631,-10.92430772596457
0.40035141180789524,0.662192622181978,0.6964535907107148,2.382276945439479
0.861883005225422,-0.3054316689503078,-1.0,-1.1202546543541578
-0.6864165873964747,-1.0,-0.8696452223260815,-3.98269962860761
0.8717917115690086,0.7981054753922878,-0.9886596881187617,8.564856696908366
-1.0,-0.09002556333839995,-0.07580053776788098,-4.481675705630456
-0.5359274261641298,0.1417046662636503,-0.03141915741655921,-1.0347944733266647
-0.2523036500247353,1.0,-0.6320111301035045,8.341661201633087
-0.1359905866538058,0.3253635412085627,0.6779912150484653,-0.6615529862666154
-0.15231982515674636,-1.0,-1.0,-15.285121763274278
0.2896680742720352,1.0,0.987970583554695,10.544336025549239
-0.35897733693123124,-0.9991394701060206,0.4804005438966432,3.0924510733126622
0.010221010721334078,-1.0,0.8065294746828919,-2.575016744104655
0.03616453367933947,0.708346709641035,1.0,6.5902686307726075
1.0,0.0298502336550317,0.0792854566521215,4.619759387856119
0.1294120384324613,-0.43036657422809377,1.0,-2.266972427182785
-0.04605413311035789,-0.365571888020803,-0.5431704903380743,0.41866185412755497
-0.13524024437689097,-0.5460804263629442,-0.09503224376203856,0.5781610426300301
-0.6801854254318755,0.7901583587752252,-1.0,-1.5614770910510143
-0.8973225484017902,-0.7439062479725045,-0.45897879823792187,3.2321864467940333
-0.6382148453514815,0.2880975174489757,-0.3358826194369997,-2.3718160138306827
0.2459805350154527,0.3010177480959677,-0.3830958918251006,1.0249269108011874
0.16242853162206572,0.6772625055199706,-0.34695919462278546,0.6321737928194738
-0.8727790462698246,-0.7517215175895,-1.0,2.5024900409371456
-0.8513294419058834,-0.14340782147712106,-1.0,4.712354572368708
0.25283575158061633,0.007636221577613345,0.1484434483470165,0.668568646594216
0.6084743432394977,-0.19379973393943972,-1.0,-3.0623586954308695
-0.44279828547616074,1.0,0.8069977607343535,10.688563164775958
1.0,-1.0,0.40313210580815606,-7.695132193466575
1.0,0.2882113386248144,1.0,17.793721276930363
-1.0,-0.2876355913728761,-0.3195805435518946,-1.8014714639886404
0.42697254438479204,0.09436702049006529,0.16102345294648268,1.211904104137594
-0.8829822368792728,0.32185507302091665,0.16077712563645719,-2.6327650944885383
-1.0,-0.7539745732312109,0.4586244826736523,4.394141094079164
-0.8928567949223329,-0.837226072828025,-0.7273605970836994,3.1957683432508035
-0.302193165783883,1.0,0.34324078561098736,6.996051833528132
-1.0,0.4504551538557042,-0.26504400585237176,-2.4131749071081923
-0.7162566330304216,0.27770005808249487,0.7773703586827869,-1.0063215991361651
1.0,-0.33050167523554985,-0.7377014771734958,5.695705349147204
-0.18123262028444254,0.6939792752967502,0.81298943859114,2.6717845205519932
-1.0,-0.23046073962664293,0.6819780987661419,-1.9734846275832032
0.05183899246532375,1.0,1.0,12.049779012590843
0.9906690103121547,-0.48404050948135646,-0.5601413247492821,3.81507430492087
0.6659717210555387,-0.9005195681784464,-0.7311725740953701,-4.258354384088408
-1.0,-0.03366801819573162,-0.0003704089411169509,-2.9779064175027434
-0.6102123234870267,-0.15175233787818776,1.0,1.1880593367609857
0.6818166078545125,1.0,-1.0,10.982089058987137
-0.12482180688516098,-0.19283483916265398,-0.9416871940088982,-2.6143989560155916
-0.6861828017577318,-0.31618483086884974,0.6936210179109399,-0.5954937398962118
-0.4070629812965272,-0.7816170694386302,0.9036128676143704,0.47540710621104176
0.12107561316659599,-0.8476962304666871,0.016022018782314573,2.7210985777337657
-1.0,0.41475090558274874,0.07017549506417597,-4.398411002063741
-1.0,0.0036945742930811765,1.0,3.3883852991506633
0.17417570588040632,-0.41735200457301436,0.38685558303500467,0.8416517705166909
0.8215171739918803,-1.0,0.481249704160402,-3.3097465571764997
-0.5614781709967973,-0.23976173101301224,1.0,0.47876079046599407
0.5400033387775351,-0.6925035693164174,0.5532802527465612,0.1138197490981217
-1.0,-0.8551676159949995,0.7800270081055687,12.560445769685805
-0.5911527354273121,-0.4260159174522724,0.7335816341517749,0.76811962105399
-0.4462742931828947,0.521593455082128,0.3341154917442015,-1.193770287518484
0.35943012452367684,0.445280456369993,-0.5661240696491951,0.8650824163141394
-0.8916871627910812,-0.7300776084545373,-1.0,3.125196640791489
0.4342319363714442,0.27021642545990154,-0.9043188689740553,0.28143134350248256
0.37989987165047445,0.47689397279047974,-0.33245278934471045,0.8316867022172878
0.9168042678981079,0.04593061412813504,-0.6443905479885406,4.540744338915511
0.1762773990341857,0.12515740812834175,0.5993694565342589,0.9874661969887599
0.1012160778047988,-0.07999668989286768,0.9417032741807239,-0.7465506752598042
1.0,-0.03405642888332139,-0.5103468419210919,4.3206205099835895
0.23121913751223477,-0.558245353543646,-0.7152480634875595,0.19081747508752112
0.0168021325144867,-0.6016985741061229,-0.911977624746735,-3.3215923622315744
-1.0,0.8751671553202007,-0.3699376016484208,6.7853781976533485
0.2989690970227823,-0.7249586374500845,-1.0,-8.815930913159049
-0.3213272859262817,-1.0,0.7283077132949369,0.6720676221354848
0.7875129703175097,1.0,0.3017700959185947,8.149537487675596
-1.0,-1.0,-0.559814138624348,4.125633096672014
1.0,-0.38271738549908907,-0.3735901857966053,4.151407070078698
-1.0,-1.0,-0.2746109710879665,6.455514997455923
-0.29599188883930383,0.5044542784905224,-0.6832980291198214,-0.8870362966297527
-0.3355742293908923,1.0,0.5088448930745821,6.551403636642946
-0.013719592848990603,-0.09667000084406285,-1.0,-3.4556112066660822
0.00970533285119446,-0.7221397478719946,1.0,-1.7556261591119293
0.0033059648257134366,0.9817210090742337,1.0,12.623562876333164
-0.36712202504327895,0.5069852859296788,1.0,3.769582801728644
-1.0,1.0,0.3634132253112945,2.816110690279939
-0.8071151071633123,0.6757469757078536,0.2736780171746813,-3.2644705629297035
-0.7956102112574686,-0.24061343109531697,0.3382549228896916,-1.3226007973224854
0.7233978202132636,0.18487663770058105,0.6562979528795927,3.059924803379409
1.0,0.3358301820189509,-1.0,11.235415889483612
0.0504541883123335,-0.6470421822245034,-0.6350918131759302,-0.7670998735186534
1.0,1.0,0.9972374441783369,26.143923125261527
0.5689009815714483,-0.6872878291130247,-0.8763367043639609,-4.237033968098265
1.0,1.0,-0.3663936380074886,19.097895875373133
1.0,-0.005187079686107765,0.09093784805308536,5.4414029541812585
-1.0,-0.2726960651916934,-1.0,7.754523012958707
-0.07438477336548055,1.0,0.11592769963932326,7.247394565724886
0.051297837966254756,-1.0,-0.43756801320871275,1.126420759271551
-1.0,0.07064734159907093,-1.0,11.231406418512096
-0.2798993512515091,-0.6302266849624023,-0.8485526172850311,-1.47810795824393
0.4896150633862413,-1.0,-1.0,-22.083547863296765
-0.8334961556741374,-1.0,0.22166986359374108,7.704624212995933
0.5400643062583823,-1.0,1.0,-7.545562481206969
-1.0,-0.42959653130023145,0.07021501633674632,-2.0778786450785494
0.5518534497890908,0.9335603517191342,1.0,9.101718071227596
0.8101150932986667,-0.9304653977587645,-0.7967244302666903,-8.672943723490379
-0.39320574800692154,0.08605406163475715,-0.4318432597655497,0.06237629541131519
0.6124406058665564,-0.3662858929954689,0.8099916363335167,-0.3293953314968254
-0.36000584928099477,0.6414735746508673,-0.9278106718931247,-3.5785869196043456
0.39914867138592935,0.41663962448640435,-0.6430480170683752,1.428103363561752
0.5817675441733496,0.018005227355334608,1.0,0.27041476874661424
1.0,-0.40762563877836033,0.0064289505250356704,4.183003792820203
-1.0,-1.0,0.45026954267508534,12.533548737371813
0.2937782663389914,-0.3941599021349509,0.5256111464999942,0.6397309632309968
-1.0,1.0,0.6833764784679068,1.2179041242443285
0.18326340483974035,-0.5319145347035701,-0.12511913830916988,1.5152822878479586
-0.7703943319168531,-0.5843332288903444,-0.8532499984053792,1.7100229912874063
1.0,-1.0,0.3911366869149586,-6.93691651466856
0.10120818418787914,-0.16794428490057145,-1.0,-3.6533565230539575
0.6477762701267662,0.5469742383531342,-0.6324881856886306,1.9655548179495985
1.0,-0.04899098187204376,-0.829949734184251,6.92104924316662
-0.5951246554877674,1.0,-0.2833420941470517,5.523628215739018
0.7024712254533281,1.0,-0.20399630218953413,9.43248185279076
-1.0,-0.9633863720593854,0.22716011281348436,7.621945857644108
0.5384448651460967,-0.15368619799088878,-0.22240881425942183,0.9656884541341424
-0.9321994890327612,1.0,0.34186621252579097,1.960367627986936
1.0,-1.0,-1.0,-29.507181449393293
-0.7606035990912703,-1.0,0.6071443011477733,6.800033519090645
0.07684456036548348,-0.3104180599107498,-0.5602224347269393,1.1012390175325273
-1.0,1.0,-1.0,21.628063813915663
1.0,-1.0,0.8449062185647114,-6.448725405917016
0.1827469416774743,0.4520329522301212,1.0,3.0096721179232135
-0.5050188915709792,-0.3763524706278878,0.6885581834686101,0.09003706917778653
1.0,-0.005982404477252734,0.23894882365910974,5.617106746567094
0.9148221357804112,-1.0,0.9523614756826206,-7.257272050834738
-0.24227795268323926,1.0,-0.9713311708746042,3.078905907787001
-1.0,-0.07382762733296322,-0.9513751100773289,7.117985217361846
-1.0,-0.1224340614945616,-0.039721921616111766,-3.634705005489527
-1.0,0.499623018333883,-0.9385461979918939,13.166291275836004
1.0,0.03444933609120482,-0.0083371809125532,5.155276861396224
0.392746166005403,-0.6486542383466398,0.7726869452858831,-0.21033516193206991
1.0,-0.30705199441742437,-1.0,3.9417989804332865
-1.0,1.0,-0.22282371846076732,10.264407554976893
-0.9035213234856776,-0.8890633930504721,0.8883405400321314,9.500893006147024
-0.6270526797130127,-0.5951884621467165,0.7656411844178548,2.416537377891817
-1.0,-0.20335617972362918,0.37638351487705646,-4.4290539297580125
-0.3712422495578629,-1.0,0.5544598255170665,1.7168371540279452
-1.0,-0.6024918254279583,-0.22233025319006505,0.24402824797236677
1.0,-0.6286049775278042,-0.046486558460769434,3.232761278002176
-1.0,0.4871849134974726,0.6933119226327371,-3.824460854021549
0.09630343608146918,-0.22868945384811257,-0.17414785768935181,1.241398251342108
-0.5741701986213315,-1.0,0.6465075190086007,3.735451399011603
-0.8050100003949714,-1.0,0.9082338154463316,7.220843702421297
1.0,0.46830928386349613,1.0,22.10872248103068
-0.6703738635106373,0.9627512546520614,1.0,14.51987156064755
-0.2375067020120425,-0.9956717822925467,-1.0,-14.434736790768525
0.2569167992895105,-0.09492713839242839,0.9755886739742192,-0.6695000704006658
0.36758164208037836,-0.29924520555097267,0.9463028498199884,-1.2790406912817256
0.7567588235033187,1.0,-0.3540304292215728,11.590191356790504
-0.7548574435547541,0.24264771881217473,-1.0,3.1319180052336253
0.2723285032505425,-0.1603659058983231,-0.20254930959235629,0.6925260120692659
0.01278884984229034,0.26753162798069896,1.0,1.5742578794884388
0.7122234320247105,0.10384354051493339,-0.5400379938639255,1.5529000431606987
0.17766460523247196,0.41067841729611376,1.0,2.400928740251216
-0.7491141220053901,1.0,-0.2845344414277222,3.899824156538304
-0.4942295559120742,0.838061593773942,-0.8448975500305673,-1.7478443372381416
0.7255229654235336,-0.9276946239277879,-0.3076736339769144,-1.4645489905579603
-0.6160589826476275,0.36139914599032097,1.0,3.1863773688498838
0.06937668466471969,0.9983619374723083,1.0,11.697818805480555
-0.18000673289378466,-0.6042426681849367,1.0,-1.4413302861755735
1.0,-1.0,0.5116338713785826,-5.388698928481423
-0.050947500504290755,0.1900430298946505,1.0,1.1018763618949845
-0.16749228523677284,0.09860830799031461,0.419860943110288,-0.24476928065321588
-0.024354628574837278,-0.1577736133346812,-1.0,-3.855716369736946
0.09466750091803533,0.1210384984531725,0.27444357650339124,0.6017803012496142
-0.1584405009498886,-0.6553692173880323,0.24110195171865612,0.9501508862811506
-1.0,0.1626160556546381,0.5265989955990695,-5.150262285323833
-0.3376682243933129,1.0,-1.0,1.2921488795405591
-0.6735865357051729,0.3685302037965168,-1.0,0.6856348334586304
0.9824506903577024,0.07922622468037877,-0.45795727682543963,4.279171605462135
0.9772340070780505,-0.4090298609553351,-0.0826403571940959,2.931666646526713
-1.0,0.7283567548168761,1.0,9.619178077492514
0.17505046306773386,-0.31910539050812337,1.0,-1.9424421869442607
1.0,0.4787731811490521,-1.0,12.588736035627603
0.5112428309662311,-0.1492063779274706,1.0,-1.3302651558391871
0.6155742567629143,-0.019319881912466474,-0.16943615241805743,1.9524829556878633
0.7141418505952664,-0.8384016596538528,-0.5829046619317086,-0.3002701954212298
-0.025019200309196687,0.042972869676570324,-1.0,-2.803562555347526
-0.42299732922533173,0.8844087722470249,-1.0,-4.003426132362379
-0.989413745452846,0.767910248456994,-0.05365915448142955,0.6534448322319302
-0.5096632367606515,0.629592050000032,0.3010236694534616,-1.0077645949691034
-0.19180050694288564,0.3575221077988042,-0.7965488046643934,-1.3113509082286505
-0.3760893338627944,0.4605625590972642,-1.0,-3.1720330026616477
1.0,-0.5604737064054137,0.7138134560318496,4.942099559280152
0.34137414491675666,1.0,-0.10083290570053616,9.175323025154258
0.10518841750378716,-0.18390132277955384,1.0,-1.1482022547559292
1.0,0.5735468131813004,0.09139796062165728,7.598072399513718
-0.6832368275724945,0.3132701860997338,1.0,2.5474794400169776
-1.0,-1.0,-0.4367692749439964,5.118441653196182
-1.0,-1.0,0.9451917583686182,20.646011177346942
0.11577970590660858,-0.06711191286504192,-0.7888797558525309,0.7604595171336774
0.8624217613590988,-0.6541111781147808,1.0,-1.6433154008552986
-0.00475652999352949,-0.8735376514045385,-0.14141624153246113,2.2154817667353455
0.719338229859525,0.18970746491767998,0.03507487746704174,1.6949179450245588
-0.051885482822813245,-0.5362689318022487,-0.28822857959624204,1.1627804168523845
-1.0,0.22943887455186274,-1.0,14.231064379844183
0.941954811401041,-0.9086149092213565,-0.8347191412276336,-7.429643096090313
0.9652654531237204,-1.0,0.34701025180364087,-6.657988097654265
-1.0,0.08026543477337045,1.0,3.860497724503794
0.5621447616800246,-0.2139098210661694,-0.27147806313400746,1.4036970997160856
1.0,-1.0,-0.6047475508847906,-12.412996239415579
0.039540177276140565,-0.1151887775632916,-0.7667738781923217,0.3065440570123106
-1.0,0.5165367861537067,-0.034724328612306454,-3.2440662642289944
-0.3171600351853918,-0.7441111756809451,-0.8965368265692877,-3.401400196024252
0.8953107360733161,-1.0,1.0,-8.592173977908775
0.25083887856923415,-0.18344060486805325,-0.6355982291103992,0.9817424027888216
-0.2864504620752557,-0.5258064819037522,-0.0228598352791205,1.495321000961057
-0.6457743246725354,0.510463352369044,0.6022593241939114,-1.0741067639083342
0.46767009617217914,0.5313413344151365,-0.5492871721847965,1.5678404166344833
0.14483684692255583,0.4732545024579564,-0.5949520477115935,0.3087474079572674
0.5597743954503382,0.03395559316588059,-0.7236886891738061,0.753905403514461
1.0,0.5308253500595355,-1.0,13.107378122889608
-1.0,-1.0,0.16495220025575508,8.453782436739171
-1.0,1.0,-0.4449792544874971,12.828781836195521
1.0,0.03322664762522254,-0.6111910506343825,4.608538413015054
1.0,-0.497677318319637,0.25309778606309785,4.760626578448287
-0.1299919356167316,0.5305291477851823,0.8057703520286486,0.34659747590931256
-0.5245465230740762,1.0,0.07076633290732226,5.34074829568015
-0.5537993518550766,0.08805030981588091,-1.0,-0.5920199999600975
0.10596873720006528,-0.8596664514657113,-0.5746669405773541,0.09570567300163685
-0.9687664147360742,1.0,-0.9362733893412987,14.735095783129783
-0.5003262041094214,-1.0,-0.2560929293848968,3.379169006947368
-1.0,1.0,-0.038219682537043775,8.367169216744703
-0.5677640473238477,1.0,1.0,15.824651198664963
-0.1481511455501081,-1.0,0.05500347713309117,1.668905984592137
-0.5668435396863083,-1.0,-0.17444421876832839,4.273506278691331
-0.796374581948813,1.0,-1.0,3.6285875683956017
-0.8284433828599174,-0.7293284867384804,-0.7601538142073059,2.539171744324026
-0.048601837720909424,0.579404696695432,0.2977084188943824,-0.27432131421949146
-1.0,-1.0,1.0,21.957383736522935
0.5562837811742483,1.0,1.0,10.753239250815637
0.007576425103265949,0.11699188470944288,0.3156200484078959,0.5448731472813737
-0.729564483170472,0.4061429927696132,0.9969746203058789,3.638178241040014
-0.1626287957024457,-0.028716419682829564,0.42017236837641025,-0.37165187962550167
-0.5876267788218461,-0.5229483271155135,1.0,1.8739316466240772
-0.798104982147523,0.5911982061156777,1.0,6.417593703720069
1.0,-0.4883122764559449,0.7831665839371345,6.275283577794325
-1.0,1.0,0.08070092466184664,6.31101282193918
-0.9108202574216349,1.0,0.8890340932702439,8.101106308613096
1.0,0.39620421324046395,-0.9968770745718265,11.422806061398536
-0.02499686407349433,-0.589513019477325,-0.39649472024468135,0.8009547063406239
0.9313092821994304,-0.8465948059375668,-0.41393531209105694,-0.7136736031261577
-0.22047248916357276,0.6039419212021264,0.9252022843257732,2.771044527050351
-0.91118144252665,-0.982926550880876,-0.05029531596508363,7.521725705211058
-1.0,-0.3622661027260998,0.6040029953781025,0.130422918772025
1.0,0.8519381759717948,0.1770094340727313,10.006010115195103
0.2837626270141884,-0.07357989688474764,0.364179490995755,0.7528693310178991
0.048201943620875376,-0.42992474818605997,1.0,-0.9963334492175419
-0.39824102536865436,-0.3903992569391763,-0.5368679947737784,0.6971093948538212
-0.2672344608778483,0.32968466583795575,-1.0,-3.931855886437402
1.0,-0.40768885751981987,-0.2527070602268924,4.333243008772271
-0.5267617546324861,-0.5322876041105706,-0.99109189676718,-2.96484947904908
0.6367696534234621,-0.7664368019390988,0.07454962005155763,0.7549807512875615
0.7353405141357627,-0.23157706993816052,0.7957992243805339,1.3014324854256696
0.23961655485096278,1.0,0.12845633287871872,7.587277133450925
-0.12164694426390188,-0.7469734980100362,-0.13611250524885055,1.7588027051855792
0.09764373526793713,0.0598840287678537,0.5377820601521368,-0.2274797347306559
0.1543854106625031,-0.43852215412638684,-0.9778480559489944,-4.815962717941866
0.32158135132726806,-1.0,0.16915188544018323,1.1631173738080056
0.7597351990984671,1.0,-1.0,14.510345112292342
-0.5795884716985413,0.3949280223681493,-1.0,-0.7308000533491699
0.6399498346328194,-0.6613980476790959,0.7501757931361992,-0.3420571417397762
-0.5928589205785877,-0.146845788608573,-0.7917589514156793,1.1003180007041415
1.0,0.021513561554754368,1.0,12.949475063921273
-0.4301016134293518,-0.6769488553607126,0.44154806530681734,1.2392525266576537
0.12733276771847146,-0.040173659020899644,-0.7927839099976646,0.8323670610191267
-0.7903413043737959,-0.6431315275662302,0.0907672374596653,1.6374277287685952
0.9446348331515362,0.030868729283687557,1.0,9.154834520016264
-0.23929247216815153,-0.8156459469580357,-1.0,-9.297935058618647
0.648241695314387,1.0,-1.0,9.793885208047795
0.6128178929684933,0.002768925474643247,-0.1551335944092791,1.838553396690404
-0.7844117060874782,-0.2927479265511581,-0.2329793166834595,0.28729209363028246
-1.0,0.8318392606467113,0.0015421826800721128,1.7138992090672802
-0.9481287991516054,-0.6758404071478612,-0.7422407613672948,2.0616596614604727
1.0,1.0,0.8305898670891556,19.043398475268926
0.1891249734478757,0.057176210246572934,-1.0,-3.265951642408408
-0.2141861486998673,-0.4778473132082848,0.1745419959726171,0.054874434398484495
-0.0051238373751891775,0.03285698913701629,-1.0,-3.361588074442783
1.0,0.6798369916513418,-0.4058239567164048,5.979151491413749
-0.600700303541128,-0.7049092542564965,0.23131568671658487,2.077043037704164
0.12419497872219831,0.986749837908578,-1.0,3.3882424859337226
-0.274026164039066,-0.4647619632757447,-1.0,-4.964036359014543
0.11022091839494808,-0.2207308948413842,0.7893799031435327,0.12584446239240987
0.7301214663269875,0.025936253254257302,0.5262799526937976,2.0432636235836346
0.5262040966506334,-0.33827379199227625,-1.0,-5.100281570662771
-1.0,-0.096433156021831,-0.9874496528786934,8.93158294894583
0.9024803856642529,0.18761713572492433,0.05055391626824046,3.6587438779096164
-0.614576379355817,0.13936775239981847,-0.48570026677038336,-0.246717739752789
-0.011604313151115875,1.0,0.7924609502439606,10.28698770058971
1.0,1.0,0.7696944763477946,17.76685251082665
0.7545184844077646,0.36963941492109686,0.34554137090946413,2.611127108370548
-1.0,0.20890971352389576,0.1877337527393097,-4.4051603179920695
-0.24981875856872615,0.1595951676235905,0.2687774927023261,-0.5514019070043991
1.0,-1.0,-0.306628497450403,-9.098946351762315
0.20236840537276612,0.38308868516819494,0.13352234325019174,0.8942042208136121
-0.3706101241397992,0.228968874751323,-0.0835417481280154,0.008739645786644212
-1.0,-0.1387984746927391,-1.0,8.999462363698864
-0.3237172208760948,-0.14574918366183076,0.8501269524044524,-0.08125300048092383
-1.0,0.6856306645092363,-1.0,19.37816065603243
1.0,-0.6720145959377941,-0.21456985339323764,2.412042862596882
0.44893006119870593,-0.7217976217102093,-0.10934623968022428,1.7946581284329906
-0.5876339279521088,-1.0,0.08366720035156416,4.655935939137756
-0.8303343154588334,0.6761848017766148,-0.8024561397284173,0.7729642175568873
0.5191729860838474,-0.6171132293677619,0.2378693014790607,1.6231708950750896
-0.6796706668943979,-0.019098630429875696,0.0276814744566527,-1.0161145293310183
-1.0,-0.43209433585572343,1.0,8.209249671776544
0.7790160186229638,-0.9111412494705189,-0.4371848936918141,-2.155830507608881
-0.0016196003257979985,-0.8668162634296042,-0.365106323770763,2.482690451091174
0.31497662779289026,-0.7223197637414425,-0.8532844819326406,-3.6965205475024017
0.7316076464019381,0.5472677741404239,1.0,8.03688870332955
0.3792616225216803,0.8087080884251543,-0.35702336541160196,2.8222634582171904
-0.18900371331167687,-1.0,-0.24767795226438039,1.9902444790822735
0.9753548169997126,-0.7258762525704379,1.0,0.09956509674893724
0.6923852815229843,-0.8028318307010704,1.0,-4.235244074683968
-0.16307561422706218,0.13465635486515803,-1.0,-3.41859067969508
0.1977965909726893,-0.846977146482498,-1.0,-11.876585620554403
0.9141944561320512,0.9474322981324823,-0.5051004540862827,12.565105149562488
1.0,1.0,-1.0,39.3698590106659
0.23727832215080924,0.1938055164441499,0.2344158708229387,0.342432426869821
0.8324783056416911,-0.22742872053077678,-1.0,-1.0680418896740376
1.0,-1.0,1.0,-8.924808558745893
0.3098319005530661,1.0,-0.5104087739707368,11.284291769079077
0.371637957086691,-0.9777012922890318,1.0,-7.344242000486562
0.16010812205727243,-0.49384026017892024,-0.4661489972884285,1.6319428372074245
-1.0,0.5325449053014943,1.0,5.068842564250082
1.0,-1.0,-0.003160706550850101,-7.980230799121983
0.343637204142625,0.243066607428303,0.03037033961079838,0.7001453414501051
-0.4651213506427254,1.0,1.0,15.7014155537969
1.0,0.04225423977123288,-0.8178124681877736,7.799597384716505
0.09231199200298867,0.14639265137603474,-0.15697088104059786,0.6468474172972679
0.12676028204887513,1.0,0.41828058794682454,7.749423393801852
0.9330880549907878,0.4193423945574113,1.0,16.126436271064403
-0.4062684316783973,1.0,-1.0,0.5866664812586548
-1.0,0.5823929857622847,0.3853972087411959,-2.5609326259530434
-0.4533123881662333,-0.18780017474131783,0.42948572552639797,-0.6787433728819083
-0.4006734906274183,-0.26193675755260215,-0.32548186553754,0.8451522817998369
-0.42445239853035277,-1.0,-0.4666693861061406,1.2900309632927156
-0.5626693488760708,-0.8736059589372966,-0.24810741046210816,4.8505714063717
0.7226012403328934,-0.329274692220326,-0.18791690131236316,1.3733378524110875
1.0,-1.0,1.0,-9.73155682405783
-0.3782251886612953,-0.3712746876165147,0.3545123052677617,0.4078752078285465
-0.20492680490014625,0.6467256615328678,-0.03922354449146592,-0.5255739316932295
1.0,1.0,0.5600398504969233,14.584080313000179
-0.16435467119253722,-0.512477386501557,0.4637733698415152,0.5785670012240185
-1.0,1.0,-0.47741572541437405,12.035980483678005
-0.2724640731276815,-0.11680801937724228,0.8336431439203535,-0.9446327817587844
0.5856373540154305,-0.834019475216724,-0.21380508514122876,0.564587469540575
1.0,-1.0,-0.6933069792952915,-13.864991823837743
0.6811768683863588,-0.7139504166229464,-0.6028716384493846,-1.046934850558963
0.5289373779171123,-1.0,1.0,-6.603483176054368
-0.340855731847139,0.41005265772178867,-1.0,-3.5341337047586574
-0.33141240896063007,-0.48670796626132673,0.5622421700632865,-0.12676350546305304
1.0,-1.0,-0.3812323944921896,-9.394695440255159
-0.2983885621669564,-1.0,0.039361201811880964,3.7066400586482224
1.0,-0.4730574714204805,-0.3313301963528197,4.24087153633736
-0.8579504727165279,0.6295006306313802,1.0,6.183733182721252
0.7978879556250742,-1.0,-0.17281026243637831,-3.2600107761233232
1.0,0.44094562518307745,0.2886844688976118,7.833767803594802
-0.25728302435697525,-0.7307837074343251,1.0,-1.4807230133902312
-0.5835170077718828,1.0,-1.0,0.45769921621424214
0.580457800880698,1.0,0.02753555513791972,7.541787164158447
0.7436234499202705,-0.2987601898818666,-0.9711942374404527,-2.8478634659481585
-0.2950345732941675,-0.295569588858692,0.31344417694105653,0.9365709375779552
-0.4156701312749287,-0.4114805402696651,-0.11663475961287784,0.635124475730108
0.4433939130118292,-0.039562058798627175,0.8784321222023557,-0.4307530049118628
0.317398225555648,0.475970382234264,0.18191657122871496,0.6985164190102332
-0.8093148891029511,-0.5253410400962151,0.637427766057959,1.6116946042915945
-0.7961772934280225,1.0,0.9987275067177126,15.98393945422119
1.0,-0.6516957913400314,-0.12363297558571706,1.9775476388779811
-0.03803832868538737,0.21537866329315913,1.0,1.6818628395924615
-0.1442593546211337,-0.23448888167658755,0.08311926252057433,0.4077110758449851
-0.12333037934777247,0.9890292273181243,-0.37632505885212164,8.29254117181819
-0.9871434600850928,-0.3656500812379866,-0.442402800955795,-1.194231549637542
-0.5204829708668233,0.3377664597474268,0.25267841216392517,-0.4214742648642259
0.013131408137541989,0.6634290070047903,0.5233127469263705,1.1528065161054035
-0.6105785013743035,0.6182879711001215,1.0,6.446223483963728
-0.1796400797803912,-0.7277458446900618,0.09013453325970566,1.3185150637660175
-0.19350525787356765,0.48865772175073663,-0.38377604162285683,-0.5007895573651239
0.870520284000526,0.10348869245778736,0.6873500073623056,5.599640479001676
-0.30477208130705447,0.051640177457116465,1.0,1.2552847549528205
-1.0,-0.08199932822149947,0.9406564199240848,2.1984637769127127
-0.9390278948920558,-1.0,0.19201720993278837,8.827925892907537
0.09466717389193113,1.0,0.627447875090543,8.537540554515283
-1.0,-0.6899868655028205,-0.553771155596859,1.0244617129096203
-0.19573441801951796,0.7443375426951286,0.9955491237798919,7.313948878727708
0.26734828382908327,1.0,0.33783638734354504,6.219513449913504
-0.29019255194618054,1.0,-0.9613865272083424,2.456153317734713
-0.9769424190800131,-0.9474358980328887,-0.7159802596546092,3.9533295406607305
-1.0,-0.4718956597684276,-0.828707834819381,2.0887935970477938
-0.45297334162900293,-0.28137116126080963,1.0,0.7135948548716664
-1.0,-0.11707883575470857,1.0,4.1456487586307755
-0.9658165886852488,0.3262662904862308,-0.9257174198060292,8.993444585686758
-0.8498079179361024,-0.7811575674778835,0.6540415412562259,5.1529431602469
-0.3987525016456033,0.3267002203099374,1.0,2.4669181731713623
-0.27253188254930816,-0.1115995766437432,0.041658186715185286,-0.043054974746863095
-1.0,0.21294305342641362,0.6265391475652031,-3.551606817452054
-1.0,-0.04599941524298212,0.3811215006714528,-4.913303572296358
0.2438894703699721,0.11277144736371159,-0.2597750001920873,0.6527204081395563
0.257413939531993,1.0,0.49675117002284996,6.95982173273052
0.8985750540911563,-1.0,0.7565846195495005,-4.743580446594578
0.2867593857096655,-0.006185636452723076,0.2530607325402052,0.6232322803107323
-0.431444199315423,1.0,-0.5413991275152505,5.680704255467261
-0.29368329420680683,1.0,1.0,14.962811505862687
0.10277878863057022,-0.5553546581123951,0.3194712689273247,0.6183685030209156
-0.9289199956131988,0.705817847006377,-0.9463773449089037,8.76472531890318
-1.0,-0.731390022360543,-1.0,4.650992990957551
0.24322868810672227,0.720739925190498,1.0,6.886338527977278
0.3637762459154654,-1.0,-0.9433052677452152,-17.045744508531318
-0.4555607581894259,0.7971284814977575,0.00669736571416113,0.22497391144338508
-0.7336155545038241,-0.9722532969934443,-0.14922970944145342,4.56742316713632
0.36641766396670294,0.5279507818984603,-0.27092739735015225,1.0692723274630325
0.016917228061723133,1.0,0.9451059124077266,10.929017275668105
-0.5898687883111327,-0.038333534750819576,-0.8373106572631375,0.5386203507368198
0.8175362408749591,1.0,-0.3703973311508202,12.343961239267015
0.37023590983008337,-0.47728519325637686,0.8253036668736315,-0.9736597971857254
-1.0,-0.09968109338139075,-0.6196122948146503,-1.1235719948213096
-1.0,1.0,-0.5854481874494128,11.799244441203076
-1.0,-0.4534022007915479,-0.002249583302189162,-1.6566075385983026
-1.0,-0.4055742898878234,0.050744540718513864,-1.6332962371102049
-0.8987287001683331,-1.0,-0.14121603647424008,6.820582859081206
0.6364405813973244,0.9496520294056361,-0.16139411360056632,7.080826705863265
-1.0,-0.10067431627165835,-0.8098684946517056,2.1778919428105947
0.10520897168918131,1.0,0.03577989215541644,8.14917955848002
1.0,-1.0,0.73687972986623,-6.06248131173104
1.0,-0.04788260196972516,0.8879821752426897,10.032994076065748
-0.011264216973948082,-0.818522310213653,0.5600647523737119,1.2279258244461855
-0.992563937716749,0.854649219065978,-1.0,19.158443995744943
-0.11676377769415414,0.1675994729033834,-0.9911056649423122,-2.6768604169792374
0.3682371889066518,-0.5223036674416452,-0.5726327073106976,0.45826023897725154
-0.8577760109014956,-0.5916276069615407,0.1202038582364564,1.3540319287833502
0.8727319280689316,-0.6016417182739422,0.8476928643469959,1.558162360847663
-1.0,0.022264207508287726,0.6080693144327112,-3.5258641806572157
-0.6857625278597208,-0.009302310072112796,-1.0,2.2472419815942715
0.11613175522912411,0.9959908022543587,-0.9029839745856512,7.033271914454486
-1.0,-0.43994262519600436,0.587584349448925,-0.0017612776951396736
-0.06878231483738895,0.6357170257578979,1.0,5.058939911890967
-0.35360656555166625,1.0,1.0,14.415302749304686
1.0,-0.6193283412985144,-0.5579326843577623,4.002104622184573
-0.05234252303640785,-0.31519312255351184,-1.0,-4.684988529669452
0.03502995007705212,0.3869720604803879,-0.023069468265698223,0.11689925163526049
-0.5989095637640678,1.0,-1.0,0.9373219671057873
0.6867855552114663,0.34904358770370725,0.8727990942461514,3.537732611667928
0.12550789238682336,-0.0862565995156166,0.8333869894917678,0.016623631147376472
-0.47134239929579014,0.1922050830851474,-1.0,-0.7536872223707609
0.36599910366666033,-0.34205323663392084,-0.7545259210222106,0.447420880440255
0.10409388249587037,0.5524724428668844,1.0,3.4675213625969854
0.7470019439765982,-0.15282258531011395,-0.19988638061206299,1.4812465503883896
0.18641846362961534,-1.0,0.1744034990272727,1.475401745147438
0.3232701838421683,-1.0,-0.09851275146469529,1.9019493863944903
-0.14382056724491732,-0.17287783094441944,-0.0013737128834303558,0.34026296705713477
0.9857623779428466,-1.0,0.14882907338343565,-7.18676818540359
-0.19929182105186682,-1.0,0.4678130959198332,1.9956642627723569
-0.29628224702711936,0.7630320252218497,0.7091955304044142,3.2339699124022823
0.3949331640539939,-1.0,1.0,-6.955205752936972
0.1452198726017926,-0.8417928209025531,0.5331022449712646,0.024252528261743067
0.7667746036336363,0.9147925417312937,-1.0,8.263325631368303
0.5806275556588885,0.17886213278781038,1.0,1.9742028311599862
-0.9573510249566382,0.9705118844267662,0.05808003220339142,4.418823119450294
1.0,0.5173408246662528,0.3739408993352096,8.325184009245547
0.3856944146686849,1.0,0.5690624304762537,8.14636227682019
-1.0,-1.0,-0.5072926059842573,4.962606892251381
1.0,-0.9482396733338554,0.3794703637519712,-3.6997072505785455
0.14903262942596784,-0.11654833620227212,0.18637629025794578,0.8022737259306303
-0.05505605882356068,0.07361332948808252,-0.7792434412372862,0.1000435299370176
1.0,0.5304596500799938,-0.13845031780043615,5.960725834192206
1.0,-1.0,1.0,-9.838994114289681
0.6363153625578994,1.0,-1.0,9.828369100557975
-0.7095127942714421,0.9509886063152413,0.5061528713919454,2.4795728789154445
0.056944007783059636,0.38991178240689606,0.17086949033340937,-0.0322778450382592
-1.0,-0.4197397358114583,-0.06628756053756613,-2.3661768802443546
-0.034604826691749135,-0.019342142486388658,-1.0,-2.77431572338919
0.8878878102349907,-1.0,-0.0467230672396195,-5.56374216155568
0.4504732492169028,-0.2680577709966683,1.0,-1.3348298962941112
-0.6322599680030898,0.5038073635260267,-1.0,-0.6720402933349825
0.5291451437907957,-0.6817715290575919,-1.0,-9.305497902552734
1.0,0.09322996937677264,-0.3582563443327593,4.447803653704428
-0.2142770542064263,0.4113507233063236,-0.720597836501824,-0.37111412285692325
0.7389630836314942,-0.16303846602458916,-0.8533502044616104,1.0897850202755035
0.10887434451871703,0.04495971488078765,-1.0,-2.791469073732168
1.0,1.0,-0.9419174565307562,36.022084348455024
-0.0830845645203464,-0.5032449249522262,-0.22480992494541518,0.696115761582773
0.6183891302273405,0.957251647349505,0.10089936698394752,5.376594573031941
0.4141426632343368,-0.21115646886062822,-0.7935745564185155,0.7135182563750242
-0.8260773161452155,0.3659601525572751,-1.0,5.009892596694493
-0.15262395396113781,-0.04879375855344348,0.537390601911635,-0.2298840153516637
-0.22806740687061366,-0.05056200132323996,-0.9026387693836964,-1.1299023262815677
0.1509200482363977,-1.0,0.6672233121817164,-1.1397665886684916
1.0,-0.5766796938734513,0.9395494888956768,3.8430629217035603
0.4328044009904217,0.25726727495552026,-0.3312340897935455,1.6675089085081807
-0.4872094945964929,-0.3704039546586617,0.05270043811228553,-0.1354418717252276
-0.19675195403742096,-0.8327719406795377,0.10904786617545348,2.348766022296454
-0.1177315547450477,-1.0,-0.3660845622455957,1.6597345627962103
1.0,-0.34114459229847793,-0.24692710140204555,4.55808463062356
0.028152842742928064,-0.3572868071927606,-0.9366807937151347,-2.3258923159301905
-0.5994875023198132,-1.0,-1.0,-9.97691643736073
1.0,-1.0,-1.0,-29.91244984632675
0.7813158694353477,0.564375019050672,-0.7854935181707432,2.4194065741116897
0.20415367149408015,-0.13893955247961998,-0.9722079784764328,-2.5353523031921545
-0.7273664315824642,1.0,0.28445939004090226,3.0723938726934095
0.8467520384886726,-0.5442062157654644,-1.0,-4.605033135342476
-1.0,0.27796598151799157,-0.13189797482990673,-4.277528106619643
-1.0,-0.08259129873593474,0.2510392571418665,-4.3534607636531355
-0.37210184078920117,-1.0,-0.11365762913458743,3.0460783534356213
0.9300774856998721,0.9525261306678581,0.14359821307237608,9.286610271199773
-0.29739325376609527,-0.0019750553815851557,1.0,1.3632906683427475
-0.7193699536815841,1.0,1.0,16.279514987302782
1.0,-0.4477687078116397,0.28658167958075187,4.3656836618728025
1.0,-0.4350633875548853,-0.8449440312588219,6.130185656567199
1.0,-0.07547386917421384,-0.20454761554279988,4.518972426316731
0.03175357741559015,-0.6087684561068472,-0.18721448018283793,1.2921476978441675
0.6727004076011065,-0.13983453455105277,-0.6933424326324789,1.1541394360926298
-0.35061858867508566,0.7745496494069977,1.0,8.393854219072537
0.28755472862313014,-1.0,0.7146138835828828,-1.6338059696613285
0.33264690291886767,-1.0,-1.0,-20.85652430381115
0.3382282881769543,0.6655264688822335,-0.46059591258199517,1.112702916733844
-0.8601826630928917,-0.5513940557259589,-0.509760933670353,2.148249414027343
1.0,0.22600876471289855,0.048415829854993486,5.880414072682438
-0.3159113451181299,-0.26257746686816863,-0.42633423345621346,1.005706584452854
-0.32076824209426835,0.17853386847278951,0.5255271542020501,-1.1372134280845967
-0.13210680248099504,-0.7797863099478044,-0.06464265862025087,1.9060915019311044
0.5134706426359246,1.0,-0.303317259475534,9.23894089248418
0.42793910023306436,-0.6632359347870689,0.0020473809894558936,1.8681526804024777
-0.5598172698249528,-0.737378993274717,0.9088951512791763,1.5046686192918326
1.0,-0.5635520123170403,1.0,3.851388545813993
-1.0,-0.7033265185694713,-0.33421314571938265,1.1546589759440837
0.8283342342198252,-0.16856291416884384,0.18338431127585397,2.652725223601348
0.4214192188068633,-0.07846003117963019,0.7275558658749743,-0.1467503805299354
0.5591755086370573,-0.8524077172435327,1.0,-5.392822755460209
-0.2983987110618853,0.3748005843502731,-0.41009022877042245,-0.6891002227853681
1.0,-0.9460427897871158,0.13609110855246986,-4.488492938912359
0.6466529115443889,-0.3919134704816811,0.5157864958263292,1.6178862934050036
-0.6086776027931771,-0.9495506880821787,1.0,0.904969424202277
-0.4297664471238807,1.0,0.8073081957258805,9.865269218852863
-0.6590210438210824,0.1126092917565904,-1.0,1.572565300848662
0.30013923554297794,-1.0,1.0,-6.976572848536958
1.0,-0.554078108170662,0.9084000220613058,4.557810595172356
0.15832980139352304,0.4408363390533332,-0.08611326608387282,1.1004859723842586
-0.9377060170032516,-0.09782348737371693,-0.052025462753480856,-3.204017153595731
0.9195076728600449,0.9950256021769734,0.21464423793800758,10.685506545446701
1.0,-0.019593405478210535,-0.9286142143124736,8.229261927297722
0.8022244864268382,0.3299452188282219,-0.3706963244799837,1.9972607737864032
-1.0,-0.07005513005928532,0.8408698149994915,-0.2198429775026952
-0.300781680506228,0.5459723448001057,1.0,3.700847781026131
-1.0,-1.0,-0.9119310087077517,2.8423187632320195
-0.7822306199938813,-0.2849281216690476,1.0,3.0256723660867535
-0.27115248667126424,-0.2469992376113912,0.2087540119884701,0.7830622363938476
1.0,-0.23961676299543222,0.35535457598476117,5.423185595097282
0.08985893973479997,-1.0,-1.0,-18.41618473012892
-0.1324135692634545,-0.139986524172091,0.6436484631373383,-0.291944561790871
-1.0,1.0,1.0,16.91698190397256
0.7037520348590856,1.0,0.2245351470128214,7.766408655322622
1.0,1.0,-0.7283457215580798,26.85075489735381
0.943453404705183,0.5173081941123558,-1.0,8.489560980969461
-0.09135097635661005,0.3149961773241805,-1.0,-3.720226834910762
-0.8606664119331402,0.7328580067365473,-0.04657985672092968,-1.9122417783202197
-0.2264415343130335,0.7277262911766411,0.7760000152121005,3.0797061961535577
0.27491391794476727,-1.0,-0.05944017327576234,1.6689272906064985
-0.13877945316470996,0.3081628825636058,0.00831668876162417,0.36610503056151483
-1.0,0.9808169155171436,-0.8776120011714241,15.918589647653869
0.08075584801863855,0.7550025616817324,0.9324642380006183,5.223179738876517
1.0,-0.8790675645732213,-0.4436279395147218,-0.9124605312824282
-1.0,0.3608993744142086,-0.6984531484786998,3.2187252017829158
0.33344089530154086,-0.30961928874538014,-0.5441202152090114,1.2944185494208171
1.0,0.600807603366631,-0.6867188352395834,7.648158165481573
0.13596107646863342,0.6986692644171322,0.5535742526251963,1.5234844796843798
-1.0,-0.042214252270297514,-0.6095637939819705,-0.2026065338748676
0.8928591825545222,-0.4372995300325102,0.7839143832860127,2.935288304932298
-0.7201186965223285,1.0,0.387866216823358,4.100577934381147
-0.45825820993695254,-1.0,-0.559237182650361,0.8626979734198911
-0.6865767335015993,-0.45414506939689825,-0.03134574077674701,0.4579464174446447
-0.889527208615716,0.9011977572980827,0.2653991593815366,-0.38957136424914096
-1.0,1.0,-0.7593553622540075,14.251294468297845
-0.6936346315223934,-0.5936407761708351,0.9471384422630764,2.8419960079909385
0.3151209232846306,-1.0,0.008924955968945492,1.8574415383850027
-0.5822997585245315,-0.18129484442819965,0.39324336245824765,-0.4823949826785468
0.007639973645801712,-0.8859435522504504,0.3265494577142405,1.494951562318484
-0.09451485185047592,0.7563016697877305,-0.26634933062588884,1.4955954665381197
0.4817729619162281,-0.05287088962347841,0.3187312621215104,1.9456781484951664
-0.09937537057277979,-1.0,-1.0,-16.259756459135208
-0.1187354201290658,-0.8769770832214141,-0.5160904685070689,1.203674058202225
-0.47000330482522124,-0.9152176831532677,-1.0,-8.596692364847227
1.0,-0.22171150066555212,-0.8601275854367265,6.886938665374945
0.11255026771860877,-0.8441405739893533,1.0,-2.988912894502018
-0.11188366180601639,-0.07399811185883909,-1.0,-3.9208178881398332
1.0,1.0,-0.03136904566608578,14.835621991160568
0.28350448615590174,0.9271593174665631,0.2878686988220944,4.297318492310229
-0.8222254828383422,-0.5880742756072148,0.16864116151080233,0.8199800070049054
0.3286921368671776,-0.10939794390373647,-1.0,-3.576871219064213
-1.0,1.0,0.11435292602181035,6.991482481404204
-0.08822830523800818,-0.6110406953651313,1.0,-1.6390193918206513
-0.316222984403669,-1.0,0.050449957163476666,3.0772166116599244
0.9924979333452437,0.42229410876598994,0.4343215008096326,9.035332573316632
-0.5605600991305939,-0.20875779421907104,1.0,0.9280127984847937
1.0,-1.0,0.6800575459037361,-5.6917770333116815
0.7675104558403254,-1.0,0.7000189965714467,-2.586526188435303
1.0,0.2341875794734818,1.0,16.691078124847625
-0.7041916265111967,-0.4438065104366946,-0.3771451049409271,0.888340958579134
-1.0,0.39709844246878423,-0.02018963901224513,-3.596550231229578
0.131677672685528,-0.12708093377018836,0.8488026796506214,0.06442653739749521
0.4699488336447273,-0.7250517628074129,-0.05747560021329545,0.8198417201564663
-1.0,1.0,0.19097776705896274,6.025772655983811
0.05422276120443881,-1.0,-1.0,-17.95793534143567
0.676581596248677,0.20004261041659377,-0.12875158338056258,1.2024886857704862
-1.0,0.7423493002160708,0.45456683420060395,-3.591382347414599
-1.0,0.4681609297985625,-1.0,16.903318576029687
-0.5321511829446348,1.0,-1.0,-0.01665021701445385
0.0935313310732444,-0.22591494406601131,-0.22690825756488886,1.269566988924726
0.6360404713506129,-1.0,0.6596471129126875,-1.8390336119630852
0.610833104509358,1.0,-1.0,9.429755314416465
-1.0,0.6880815990391234,-0.008114517944819877,-0.2855062149501506
0.1271398776786823,-1.0,0.3491449499378312,0.9533992295750948
-0.18681025333264412,-0.260066453336554,-0.013166040627828446,0.7134096003820841
-1.0,1.0,0.7468074893718453,3.1513834218432324
1.0,1.0,-1.0,39.04633523872752
0.5554537009414995,-1.0,1.0,-6.394553363799708
-0.25766501460885016,-0.845566497590355,1.0,-1.7734647711337272
0.26586368310724984,-0.9315653595423203,-0.6793892495550171,-2.2486480345573607
-0.8147441244817106,-0.37182775899416476,0.768425176577251,1.625089539188338
-0.4958205695222644,1.0,-0.4361205834110904,5.574172225186196
1.0,-1.0,-0.7308105198695429,-15.712026208562882
-0.15607159625309408,-0.5917287444027004,0.978235581393637,-0.9031586808672996
-1.0,0.7567367110069667,1.0,10.653878262945565
-0.18596743064296506,0.196402962340966,0.5060131959469694,0.024758043512612488
0.6912195441131352,0.2224103863815996,0.9774909663053124,3.0525449370238857
-0.41880071121762885,0.7095774496038483,0.01364689088779003,-0.33463158912549407
1.0,0.7302154675400456,1.0,26.304581556283267
0.12147089314723547,-0.473183121799881,1.0,-1.6429649858097817
0.15793466088991237,-0.24252350375199283,-1.0,-4.143386828407779
-0.2757332688435634,0.04871410839543855,0.5071832123831974,-0.5693799809421352
-1.0,1.0,-0.04623206659430079,8.146657425286847
-0.6908898196784543,1.0,-1.0,1.758516713443865
0.7505638203141132,-0.09327419730471131,-0.7064882196556372,2.2630820866313153
-0.6015607330046182,-1.0,0.020132793113620817,4.827628024939831
-0.41579027559085047,0.7479018905496424,0.20004733328093693,-0.1250559454611091
-0.475581370060818,1.0,0.866687503663989,11.028127763296835
0.05978593309688773,-0.8532333603337525,-0.0952187748959279,1.5856463411908122
-1.0,0.6390241746818806,-0.8395509535638297,9.652319083824528
0.1456510751899407,0.32696991804686104,-0.03014141532927228,0.07551014415423263
-0.030906239612071396,0.2084574933476533,0.5924934305817349,0.16299711636709796
-0.9426304726584172,0.16220815246820397,-0.010226735940202403,-3.372906866589152
1.0,-0.5806336875963873,-0.4049567709319781,4.254882368933811
0.9666873745002742,1.0,-0.2896457177425986,15.052200991388986
0.14613336335174254,0.12803657084625342,0.971031573379161,0.04125504003094682
1.0,0.30246761406063616,-0.2350947960455343,4.599570002681425
1.0,-0.16055619098861884,1.0,9.995615694658271
0.11464555955367106,0.2985415830115774,0.3867718875367301,0.12528939058110816
-1.0,-1.0,-0.17451006873986175,7.275124543026004
1.0,0.017072324017819218,0.628117120420244,7.906079988741251
-0.8448856512636267,0.5590959942886102,1.0,5.002345669258341
-0.583766230660133,0.769651480700063,-1.0,-3.308919947681485
-0.5325494906978936,-0.6312380270673474,-1.0,-3.4074464370537285
0.7507187703343043,-0.1090696852480908,-1.0,-1.3540766122036625
0.8516266814323465,0.5801509445896929,-1.0,4.393309166378816
-0.34347679784081353,0.15645242839223128,-0.9996874202693933,-1.9201629185822284
1.0,1.0,0.5615590506990276,14.39350908990301
-0.2111834526122418,-1.0,0.6518651402312974,1.0159477101831738
-0.4256108513863399,-0.4222926591814151,-0.7835192278732526,0.10467471011627044
1.0,0.41088844270099667,0.8892477181227247,16.16285858642169
-0.4644371512703305,0.30638365658842304,-0.039344802827015135,-1.4621330705298847
-0.6080747298000162,-0.8562511663253933,-0.6840307436192008,0.7229454545582368
0.8108992837662885,-0.9243618798944258,0.8563325988510146,-2.7864995417273426
0.6450846535024874,-1.0,1.0,-7.15029297763859
-1.0,0.7093459123170571,-0.835852640362412,11.320011814822786
-0.7522361078647095,-0.06186095391028479,0.8529258036394782,0.08089999523707636
0.4308806633268212,0.07201525118626773,-0.6022417487882874,1.7458026914502611
-0.19784559299940163,-1.0,1.0,-5.660604571100661
0.41495713882687024,0.2649783107313193,-1.0,-2.1244524668053253
-0.4212838198735531,-0.08716676351170483,-1.0,-0.8057666010042449
-0.2076132509571582,-0.22567873182872344,0.7326885289370688,0.1509494546416153
-0.5954671454799672,-0.3929815914740511,-0.3512891114967702,0.38753743067461094
-1.0,-0.5036323754788317,0.09407570135494892,-1.817058218587627
0.132883509720767,-0.038392416987647726,0.4129373124800242,0.4605156781507824
0.0658048181720583,1.0,0.09123085951691912,7.317118857445462
0.011696284381381261,0.955861111457045,-0.05693117011775839,6.2393747812339155
1.0,-0.04608078477702282,0.8549408108103529,9.030927028417253
-1.0,-0.5270310631704365,-1.0,5.753554148801821
-0.38754071269664747,1.0,0.836948818157272,10.845034500170236
0.08686037672266855,-1.0,-1.0,-17.565014691907976
0.6321464148170679,-0.7647568388073502,1.0,-3.7275948526349114
-0.5283320660738373,0.10947395387478775,-0.044269105727034574,-0.49120685763061317
0.03436606831358713,-0.2478398542466389,-0.126069969093761,1.5804042261008617
0.066290645974173,-0.0034728131748951174,0.2222329637320144,0.7982695472982646
-0.945992933312227,1.0,-1.0,14.57955749974951
-1.0,0.7711274145177034,-0.6582865797222193,6.646857628896187
0.06278661355464088,1.0,-0.34331688885829204,9.472519014553221
-0.34332278627743995,0.9191536871009429,-0.07993376262484375,2.9050939334760337
0.07880700761042347,0.38107434756378433,0.6904653945817656,0.11614388726686253
0.9177560035916592,0.49396824100202985,-0.007125454899263639,4.480262625163735
1.0,0.33278656085866953,0.014127573198791543,5.721767553350356
0.8477905959510617,-1.0,1.0,-7.227555856117876
0.9063566513535897,0.8012731636087245,0.5491128379668468,8.608775637245136
0.7348233207315269,0.706555921617575,1.0,10.020619320730352
1.0,-0.206684456677118,-0.7872314648615699,6.636119094898172
-0.6680024364652162,0.006096069600606047,-0.7398959419483229,0.8121609417461948
-1.0,0.12667794204038896,-0.10052590708463982,-4.242294018130584
0.8461710930004971,-0.1746545482479298,0.5751990987995186,4.1129613264806855
1.0,0.3108130884001248,-0.528739425810034,4.444257235768907
1.0,-1.0,-0.3898430287330066,-9.166378141712462
0.629348297333834,0.46708716433353725,0.9328869514712079,4.007720500052246
-0.3181905465522512,0.1270458695550254,-1.0,-3.134464082728776
-1.0,-0.3487889385891836,0.5832584121049706,-0.26908227993336753
0.04552591764783975,-0.9714380816577213,-0.8405171127670228,-7.385359129694675
-1.0,-0.22028568052338882,-1.0,8.023830610952658
-1.0,-1.0,0.2982737360085479,9.364114019455345
1.0,0.4682740838026276,-0.42034225424753857,5.592575894150766
-0.37666244034303853,1.0,0.1500398753590424,5.825527028895654
-0.7838529225312378,-0.32819203949611775,1.0,3.8896009161757465
1.0,-0.468442375175937,0.1301351276468603,4.096382240277599
-0.20840159604275055,-0.9271833112280248,0.47623612589798103,1.3001262560892122
0.7298157236004628,0.2726652152845468,0.5897759825548932,3.4193935994246747
0.39725201919162245,0.187260820621717,0.1547948149821683,1.611887274406681
0.7357316728675234,1.0,-1.0,13.394899947870202
-1.0,-1.0,-1.0,2.9481808564048224
0.7906047421763478,-0.07508736467431709,-0.6776029956738914,2.493810929887425
-0.4574757773136058,0.0556657629020636,1.0,0.8287800451153897
-0.24107450150271048,0.7195421159698683,0.8352217571937284,2.9304595489147043
-1.0,0.8357376849999227,-0.978225047083358,18.528684246606442
0.3143651099054201,-0.09732320808946415,0.4960835606204397,0.622175288947229
-0.9828192474855002,-0.4019167577916454,0.6844802914282573,1.4924786214086958
1.0,-1.0,1.0,-9.611884203193569
0.2811538406203462,-1.0,-0.7740213153350108,-8.037013035046948
-0.40162533956014324,0.08916582210707724,0.0940412382139788,0.057959220446501036
-0.3302810620483263,-0.6914150133083101,1.0,-1.258958385610903
0.12339075970729252,1.0,-1.0,4.793635179341987
-1.0,0.10411429710967823,0.4529465071620027,-4.559977681929639
-0.46647532164334016,-0.05703178116072527,0.40480249695522486,0.11159636466686063
1.0,-0.6817133144434055,-0.9444040823193962,-0.13344846600908272
-0.5247844453046706,0.07965679915099888,-0.9876703476841735,-0.8986613642962772
-0.8646664421648218,-1.0,-0.360118579218929,5.978168046795679
-0.20575072179632192,-0.2849255447805492,-0.2838859962388727,0.7723779693276346
0.33998676391779736,0.14788250713332007,0.42064532626361406,0.7754518463104043
1.0,0.3736258044015599,0.34764360208060396,7.882619811002908
-0.0599457778566721,1.0,0.8764196810919951,9.878477571083302
1.0,-0.31867073788910116,-0.9699638699352924,5.638724751416842
-0.6429496342230787,0.08922373962453145,0.16640823700375762,-1.0395699800751315
0.7356433625726979,-0.37072540516607,-1.0,-4.457074377669564
0.285622902552769,0.13370295068724092,-0.9546994715921169,-1.6118083574053097
1.0,-0.0569205978071432,-0.02537654732324479,4.554897629569391
0.5589045923586136,0.4959292315484971,0.8112301397274535,2.5678358338629406
1.0,1.0,-0.743580258612873,28.4813416135971
0.0010814113984687346,0.07753206847637117,-0.5562291985558618,1.4070026270116598
0.15847815812980448,0.230667781634732,0.7033310816972622,0.39718822292932254
0.5146376019018668,0.7954253265401705,-0.4891280396169333,2.8446539722917126
-0.5828858031277555,-1.0,0.5042105352210886,3.6667719546006934
-0.26340448716015596,0.42690249468899144,0.8409855154331465,0.974559931149463
1.0,1.0,0.3024782925764966,13.489590990865642
0.6269514459496206,0.347867009199446,-0.6578280764774496,1.431429885666624
0.6596667015896125,-0.838850771515147,-0.6690305983607929,-1.8251060636443954
-1.0,0.24766389105973663,1.0,3.049622739923208
0.5756724982545514,0.3617760408034052,0.8915317480888323,2.1283796725337467
-0.4298553260446347,0.5509716717427502,-0.4973330321001048,-1.5576759850549429
-0.4140066117006973,-0.018209034980490868,1.0,1.0931995383266222
-0.06032487146719734,-0.9078651425196649,0.12888415088253735,3.0639213510398404
0.16750066201888214,-1.0,0.3779359333451273,0.8350634381588687
-1.0,0.6998282443360848,0.6710232624265768,-2.9158003046614693
-0.1806379837315344,-0.09163215125768942,0.22736121845202284,0.9296938237870525
0.34116535652438396,-0.08201736081596667,1.0,-1.3730935805289242
-0.12768543841699853,-1.0,0.015234767113809111,2.5003116785125243
-0.6151568026468164,-0.2756707203475859,-1.0,0.0038224450540615407
0.8652659715364424,-0.8644591450932659,0.004866837173155059,-0.9264217727629199
-1.0,-0.9466899999636749,-0.5761357358551642,4.631590332624974
-0.4091416600044404,-0.8983436402507194,-1.0,-9.330903018299226
-0.5546973651838509,-0.6505088844763609,1.0,1.115602158596035
-0.6797714425774906,0.9764890748056176,-0.43050758963206737,3.7377758845296514
-0.5920447778035829,0.3992932403659679,-0.1782152316865051,-1.5414904952616544
-0.4352984754233089,-1.0,1.0,-3.483940925125443
0.9435413324133608,-0.024949805111814882,1.0,8.840569870133274
-0.44257813349330744,0.8038864784852033,0.911945034843114,6.511078499476737
0.7707043737689676,-0.30568444313736465,-1.0,-3.118239416360069
-1.0,-0.025563770991102297,0.528908143560068,-3.327171223152856
-0.6213336330851453,0.710342344612563,-0.10167500992592449,-1.722675131643776
-0.9983354622307172,1.0,-0.7165800097678874,13.199183702677619
-0.8367955476104969,-0.7645053587680839,0.741267143111372,5.465982718534615
-1.0,-0.7718965174669477,-0.6016228412920157,2.723567410153179
0.5791001838729268,-0.13451126427395343,-1.0,-3.3821969213555194
0.9378378303976276,0.47052035502338274,-0.8435576128718998,6.398085093825146
0.4436778903940264,0.508009503044919,1.0,3.6491111938523697
-0.5223627066927938,0.26196196804573035,0.49347756085935934,-1.7545556934575195
0.04788460960426466,-0.8774593583543808,-1.0,-12.123414452087705
-1.0,0.8862067218757554,-1.0,20.580175615119035
-0.4968284794748945,0.8435258789586682,0.060346697532328575,1.0989314824268996
-0.5957540197110041,1.0,-0.7793017141076817,3.1608805639005615
-0.8526227101236086,0.16828315225868185,0.44434279445831915,-2.436575450255316
-0.46493106979052934,0.8866163771520936,-1.0,-3.3858689423488277
-1.0,-0.28652184078310206,0.06299695959636886,-4.126654881106585
-0.9700459403014436,1.0,-0.7288075797505993,10.971608402432414
0.01728469343468686,-0.47055405198073075,-0.6728664582619481,0.7354545601382623
0.2521868661504698,0.06753932746682101,0.336096594497614,0.5001330604054102
0.28738976467882904,-0.5815809531473659,-0.920287503240302,-3.5367969243101376
-0.2843910559539464,0.6640780300720304,-0.585753830856288,-0.9375923698676795
-0.8747717330258906,1.0,-0.2792652910854634,5.874218291253828
0.2104390905754019,-1.0,-0.006081116118221486,1.5621474557661017
-0.3712722177982428,-0.1386609418025042,0.06426569498338575,0.6733908153876926
0.9856937976916764,-0.19926628769020116,0.6857394362197005,6.459534478361683
0.08910293558656401,0.950210540896399,-0.571312892502891,7.304500558883127
-0.3558546989586573,-0.27500168606883246,-0.8664683255444927,-0.4131646575225769
0.3393558519101929,0.11814694287929339,-0.5575135233169533,1.6744622473512323
0.3656742600074734,0.3660395605187219,0.744371433588431,1.1242062131645219
-0.056759117649590074,-0.6941424292305907,0.7875943626589095,-0.5915148946640815
-0.544698820179746,-0.7262587359730728,-0.3982252540171993,0.8331582802762023
-0.24068533210556398,0.32883952844194053,-0.7250931838695827,-1.373554839195653
-0.6957319435688436,-1.0,0.81644378966869,4.590575525154559
-0.16788313461738613,-0.03849837281491175,-1.0,-2.4863680844797127
-0.11171479190375355,0.2715756357072763,0.3817840054351882,-0.26558546267401684
-1.0,-0.08988753637093017,1.0,4.463895533091652
-0.014987522782544227,1.0,0.3279491981003344,7.551740615376606
-1.0,-0.28500611428824274,0.2309239541450454,-3.3950175610413313
-0.9825357496282103,0.06888255527961729,-0.07345638926835996,-4.227143410187919
0.6624669671327932,0.8504216867635603,0.9475650299023197,9.184330324472192
0.08724419033351016,-1.0,-0.030772843088437973,1.978922908952846
1.0,0.49987391537088466,0.822406285083561,15.873088648702295
0.7326598610205248,0.5427878117802458,-0.1798900275997961,2.8263073350567005
0.3494877640656653,-0.3090554156976597,0.21547650965041365,1.3182086878847596
0.3175404790288403,0.3730606618769927,-0.4927226219095322,0.8624643006766316
0.08177504837617988,-0.6523532376454391,0.19742360621984179,0.8815169402560136
-0.27008437945326524,-1.0,-0.04234913217380565,3.1593317275909376
1.0,-0.8374399452899663,-1.0,-9.4192675925054
-0.6165632028005834,-0.1377790663968801,-0.0957054444303942,-0.1373966854750202
-0.0813147354304753,1.0,0.7177977469958539,8.270638530188616
-1.0,0.6955265409204228,-1.0,19.465836550182324
-1.0,0.8710759581334868,0.015402698633001588,3.037212667899529
0.2365199385349568,0.5691779021552739,-0.024021180633122974,0.7959460894892351
-0.11537354987054549,-0.5271500598512482,-0.633734104834883,0.18691688933782807
0.3920593242501329,0.6970227207960866,0.6640014714772797,2.324777735626457
0.3248182214479829,0.22169754702025135,0.2375780375974339,0.23245157857029763
-0.6820048409196355,0.6029746857231042,1.0,6.321146963553407
0.9962763767044274,1.0,0.0879087689186624,13.657591244335844
-0.4216127214000316,-0.33409986615240195,-1.0,-2.189003503996303
-1.0,1.0,0.5916438715324894,1.6201357929086053
0.4584916171529021,-0.9485582601103697,-0.3758475824573835,0.03501564909813923
1.0,0.5193385734780158,-0.2100350804743525,5.286667437178128
0.02259959177997861,0.4947190257826004,-0.06025718159111282,0.7148171398533321
0.4650981088395889,-0.613496206072305,-1.0,-7.548761683211302
1.0,0.7671566008085864,1.0,25.543798374967245
0.6213294769398172,0.44480412080416465,-0.45995407997162974,1.3284057345834086
-1.0,-0.1790370485112831,1.0,5.365983796428612
0.8873566627631704,0.8204713769749101,-0.6224208452681352,6.925170012213846
0.8564216234625477,0.21722926083859506,-0.27613103008895923,2.2728982722562834
0.29427620596808923,-1.0,1.0,-6.922630484497256
0.3099733935092648,-1.0,1.0,-6.763684412035075
-0.1778285856975219,0.5895920847859297,0.7691361890928032,1.3084841303285246
-0.8856868265757898,-0.5172118278134654,-0.0029440973142149662,0.2907177339518091
1.0,-0.07802386306261888,1.0,10.155409060361531
-0.33434700328020517,1.0,0.4988702171575714,7.200632881556006
-0.1317424223864685,-0.14341868325642704,-0.8591503229236781,-1.0712191309766295
0.4576276641131012,-0.7000460130901298,0.4090712049999641,0.37459625357656556
0.33143528245196974,0.28343761512145327,0.9191261771978096,0.7041010583136411
-0.7517395838326226,0.8310659706044947,1.0,10.315013627701363
0.9265018404086474,-0.15436712039073708,-0.8407649683892888,4.402785894364134
0.5192583825987294,-0.5043451641628418,1.0,-3.737596657829855
1.0,0.6794897300169436,0.3037677775804606,9.296548799599387
-0.8931995721828689,-0.5182485936418944,0.15279474615161615,0.4365937533011784
-1.0,-0.2702867590192277,-1.0,7.236577239454824
0.5855860584016597,-0.5273918353487466,-0.24699955094636716,2.1100408990061164
-0.6005484446509874,0.7452880194049729,0.7955484919341227,2.0135006939882967
-0.5846470393857504,0.36790723417046167,0.37313592065382317,-1.4192857234946687
-1.0,1.0,0.4802934059721773,1.2406925813301726
-0.5306830558270514,1.0,-1.0,0.044078920593952076
0.1759474550868625,-0.7861029668183719,-0.9904346077848543,-9.818090926012145
0.3649551701272826,-0.4753938764947325,0.6638102305431128,0.09426688979374814
0.49226435318556017,-0.34724374711662853,0.9089898794988871,-1.200958177749701
-0.07320116902604434,1.0,1.0,12.843919374123825
-0.8849138580391807,1.0,0.8211051837671914,4.964344237168981
0.9611179818086548,-0.031569821510196494,-1.0,6.469008124514105
-0.3695514879890287,0.7416633565464412,-0.26614195082740366,0.3333275263521802
-0.39029562189755707,0.18023236289612465,-0.9713336806032615,-2.032760277085021
0.6820077880143671,0.41749307258063517,-1.0,-0.6454287668740426
0.031126978492882484,0.8533598356988474,0.21325740307055896,2.3186301628642516
0.07860736414345593,-1.0,1.0,-7.6284020250086435
0.8216292657328803,-0.9885012995451243,-1.0,-25.593719577914932
-0.009413849288142595,1.0,0.2400144166278062,7.20050002782576
-0.16605134241218478,0.7446813224584443,-0.7227173934831002,0.2713815276662286
-1.0,-0.8050101480657557,0.9139934083927173,13.39698460077515
-0.48546113399915924,-1.0,0.601173665155285,3.1223965186293325
0.4734705270520243,-0.013828863073516606,1.0,-0.9366056269778515
-0.6105061633856452,0.69453073119558,-1.0,-2.4898891976588775
-1.0,0.6811345290983497,-0.06842080754245394,-0.12093016272395984
0.30761172528177183,0.8348233417007533,0.38478943578456115,3.3365171511699976
0.7095936276765606,-0.1237611364703941,-0.6772718732929879,1.6822881084388475
1.0,-0.4991495048347967,0.9668902705225024,5.3552151336749425
-1.0,-1.0,-1.0,2.8156535961527327
0.12134006892742955,-1.0,0.2629411933579904,1.5665125271177083
-0.4460961315541532,-1.0,-0.8450109664628163,-7.106959636306375
0.6165953732289546,0.5512135983725384,0.6522797798078921,2.447454061091473
-0.9008775916253473,-0.6494053155064354,0.07952752547937791,2.118736450931954
0.9399726940733872,0.9954102310196058,-1.0,29.779850944772303
0.24804180861058556,0.5184808042249431,0.7455903376342738,1.4711534452099035
-1.0,0.0023802036809597027,0.36385080444031836,-3.600649878884661
-1.0,0.509201170808423,0.5708446658415194,-3.942539125802101
-0.9795131621814044,1.0,0.9282830272681866,9.974259199867918
0.7635911361167393,0.8699860155336745,-0.9046251898950517,6.966515273016318
0.3753258136970443,0.140038117576885,0.126865877382202,1.133393174719016
-0.929072024341399,-1.0,0.5368237751824321,10.199318996768582
0.3549619038908012,-0.5384768199750125,1.0,-2.983979174086787
-0.36329968356388687,0.35807172456667913,-0.7469486498102194,-0.8820361861978157
-0.549863188867457,0.24538561672167236,0.6936480638220663,-0.7160384395392532
-0.40121246921703446,0.20098139835586282,0.011659982560980886,-0.5781224929803022
-1.0,0.3706319667879474,-0.7915178401758671,4.2290965089514145
0.2559673943960703,0.915117502480322,-0.07947499238149613,4.586468652841
-0.011847165723183561,0.4266578677364745,-0.03168114233672825,-0.0215026929555808
